banner,banner_characters,n_characters,is_rerun_banner,views_best_mean_banner,top_views_character,top_views_value,revenue,meta_relevance_mean_banner,top_meta_character,top_meta_value,dominant_character,dominant_reason,comments_demo__sum,comments_demo__mean,comments_demo__max,comments_teaser__sum,comments_teaser__mean,comments_teaser__max,engagement_score_demo__sum,engagement_score_demo__mean,engagement_score_demo__max,engagement_score_teaser__sum,engagement_score_teaser__mean,engagement_score_teaser__max,like_ratio_demo__sum,like_ratio_demo__mean,like_ratio_demo__max,like_ratio_teaser__sum,like_ratio_teaser__mean,like_ratio_teaser__max,likes_demo__sum,likes_demo__mean,likes_demo__max,likes_teaser__sum,likes_teaser__mean,likes_teaser__max,views_demo__sum,views_demo__mean,views_demo__max,views_teaser__sum,views_teaser__mean,views_teaser__max,views_best__sum,views_best__mean,views_best__max,likes_best__sum,likes_best__mean,likes_best__max,comments_best__sum,comments_best__mean,comments_best__max,like_ratio_best__sum,like_ratio_best__mean,like_ratio_best__max,engagement_score_best__sum,engagement_score_best__mean,engagement_score_best__max,relevance_main_dps__sum,relevance_main_dps__mean,relevance_main_dps__max,relevance_sub-dps__sum,relevance_sub-dps__mean,relevance_sub-dps__max,relevance_support__sum,relevance_support__mean,relevance_support__max,meta_relevance_max__sum,meta_relevance_max__mean,meta_relevance_max__max,meta_relevance_mean__sum,meta_relevance_mean__mean,meta_relevance_mean__max
Venti,venti,1.0,0,4593318.0,venti,4593318.0,30632752.0,2.216666666666667,venti,2.216666666666667,venti,meta,9100.0,9100.0,9100.0,8400.0,8400.0,8400.0,0.042206744666927,0.042206744666927,0.042206744666927,0.0563611987839497,0.0563611987839497,0.0563611987839497,0.0402256059780751,0.0402256059780751,0.0402256059780751,0.0537675511211042,0.0537675511211042,0.0537675511211042,184769.0,184769.0,184769.0,174136.0,174136.0,174136.0,4593318.0,4593318.0,4593318.0,3238682.0,3238682.0,3238682.0,4593318.0,4593318.0,4593318.0,184769.0,184769.0,184769.0,9100.0,9100.0,9100.0,0.0537675511211042,0.0537675511211042,0.0537675511211042,0.0563611987839497,0.0563611987839497,0.0563611987839497,2.85,2.85,2.85,2.85,2.85,2.85,0.95,0.95,0.95,2.85,2.85,2.85,2.216666666666667,2.216666666666667,2.216666666666667
Klee,klee,1.0,0,14247890.0,klee,14247890.0,22750080.0,2.5,klee,2.5,klee,meta,15000.0,15000.0,15000.0,5400.0,5400.0,5400.0,0.0253456476713394,0.0253456476713394,0.0253456476713394,0.0082075855328513,0.0082075855328513,0.0082075855328513,0.0242928602059673,0.0242928602059673,0.0242928602059673,0.0077700680169591,0.0077700680169591,0.0077700680169591,346122.0,346122.0,346122.0,95901.0,95901.0,95901.0,14247890.0,14247890.0,14247890.0,12342363.0,12342363.0,12342363.0,14247890.0,14247890.0,14247890.0,346122.0,346122.0,346122.0,15000.0,15000.0,15000.0,0.0242928602059673,0.0242928602059673,0.0242928602059673,0.0253456476713394,0.0253456476713394,0.0253456476713394,2.5,2.5,2.5,0.0,,,0.0,,,2.5,2.5,2.5,2.5,2.5,2.5
Tartaglia,tartaglia,1.0,0,161981.0,tartaglia,161981.0,13443619.0,1.9,tartaglia,1.9,tartaglia,meta,0.0,,,546.0,546.0,546.0,0.0,,,0.0956470203295448,0.0956470203295448,0.0956470203295448,0.0,,,0.0922762546224557,0.0922762546224557,0.0922762546224557,0.0,,,14947.0,14947.0,14947.0,0.0,,,161981.0,161981.0,161981.0,161981.0,161981.0,161981.0,14947.0,14947.0,14947.0,546.0,546.0,546.0,0.0922762546224557,0.0922762546224557,0.0922762546224557,0.0956470203295448,0.0956470203295448,0.0956470203295448,1.9,1.9,1.9,0.0,,,0.0,,,1.9,1.9,1.9,1.9,1.9,1.9
Zhongli,zhongli,1.0,0,35127330.0,zhongli,35127330.0,16264892.0,3.5,zhongli,3.5,zhongli,meta,60000.0,60000.0,60000.0,4700.0,4700.0,4700.0,0.0188337115288864,0.0188337115288864,0.0188337115288864,0.0357103397256062,0.0357103397256062,0.0357103397256062,0.0171256397796245,0.0171256397796245,0.0171256397796245,0.03382884657264,0.03382884657264,0.03382884657264,601578.0,601578.0,601578.0,84505.0,84505.0,84505.0,35127330.0,35127330.0,35127330.0,2498016.0,2498016.0,2498016.0,35127330.0,35127330.0,35127330.0,601578.0,601578.0,601578.0,60000.0,60000.0,60000.0,0.03382884657264,0.03382884657264,0.03382884657264,0.0357103397256062,0.0357103397256062,0.0357103397256062,0.0,,,0.0,,,3.5,3.5,3.5,3.5,3.5,3.5,3.5,3.5,3.5
Albedo,albedo,1.0,0,8203682.0,albedo,8203682.0,11816107.0,2.5,albedo,2.5,albedo,meta,13000.0,13000.0,13000.0,8400.0,8400.0,8400.0,0.0302631184387693,0.0302631184387693,0.0302631184387693,0.0400414577222239,0.0400414577222239,0.0400414577222239,0.0286784641335439,0.0286784641335439,0.0286784641335439,0.0381723890946965,0.0381723890946965,0.0381723890946965,235269.0,235269.0,235269.0,171555.0,171555.0,171555.0,8203682.0,8203682.0,8203682.0,4494217.0,4494217.0,4494217.0,8203682.0,8203682.0,8203682.0,235269.0,235269.0,235269.0,13000.0,13000.0,13000.0,0.0381723890946965,0.0381723890946965,0.0381723890946965,0.0400414577222239,0.0400414577222239,0.0400414577222239,0.0,,,2.5,2.5,2.5,0.0,,,2.5,2.5,2.5,2.5,2.5,2.5
Ganyu,ganyu,1.0,0,8504740.0,ganyu,8504740.0,15669918.0,1.95,ganyu,1.95,ganyu,meta,14000.0,14000.0,14000.0,7600.0,7600.0,7600.0,0.0287962947720917,0.0287962947720917,0.0287962947720917,0.0303543143275595,0.0303543143275595,0.0303543143275595,0.0271501539141702,0.0271501539141702,0.0271501539141702,0.0286487005691812,0.0286487005691812,0.0286487005691812,230905.0,230905.0,230905.0,127655.0,127655.0,127655.0,8504740.0,8504740.0,8504740.0,4455874.0,4455874.0,4455874.0,8504740.0,8504740.0,8504740.0,230905.0,230905.0,230905.0,14000.0,14000.0,14000.0,0.0286487005691812,0.0286487005691812,0.0286487005691812,0.0303543143275595,0.0303543143275595,0.0303543143275595,2.0,2.0,2.0,1.9,1.9,1.9,0.0,,,2.0,2.0,2.0,1.95,1.95,1.95
Xiao,xiao,1.0,0,14156109.0,xiao,14156109.0,13145115.0,2.5,xiao,2.5,xiao,meta,21000.0,21000.0,21000.0,5800.0,5800.0,5800.0,0.0281482008933387,0.0281482008933387,0.0281482008933387,0.0171900190290355,0.0171900190290355,0.0171900190290355,0.0266647424090899,0.0266647424090899,0.0266647424090899,0.0164399279188308,0.0164399279188308,0.0164399279188308,377469.0,377469.0,377469.0,127120.0,127120.0,127120.0,14156109.0,14156109.0,14156109.0,7732394.0,7732394.0,7732394.0,14156109.0,14156109.0,14156109.0,377469.0,377469.0,377469.0,21000.0,21000.0,21000.0,0.0266647424090899,0.0266647424090899,0.0266647424090899,0.0281482008933387,0.0281482008933387,0.0281482008933387,2.5,2.5,2.5,0.0,,,0.0,,,2.5,2.5,2.5,2.5,2.5,2.5
Keqing,keqing,1.0,0,10862210.0,keqing,10862210.0,9505798.0,1.5,keqing,1.5,keqing,meta,3700.0,3700.0,3700.0,5600.0,5600.0,5600.0,0.0141494107306769,0.0141494107306769,0.0141494107306769,0.0080756126055379,0.0080756126055379,0.0080756126055379,0.0136071360996472,0.0136071360996472,0.0136071360996472,0.0075600637439342,0.0075600637439342,0.0075600637439342,92843.0,92843.0,92843.0,82119.0,82119.0,82119.0,6823111.0,6823111.0,6823111.0,10862210.0,10862210.0,10862210.0,10862210.0,10862210.0,10862210.0,92843.0,92843.0,92843.0,5600.0,5600.0,5600.0,0.0136071360996472,0.0136071360996472,0.0136071360996472,0.0141494107306769,0.0141494107306769,0.0141494107306769,1.5,1.5,1.5,0.0,,,0.0,,,1.5,1.5,1.5,1.5,1.5,1.5
Hu Tao,hu tao,1.0,0,21330822.0,hu tao,21330822.0,12481634.0,2.5,hu tao,2.5,hu tao,meta,24000.0,24000.0,24000.0,23000.0,23000.0,23000.0,0.0225071963940255,0.0225071963940255,0.0225071963940255,0.0361249714488721,0.0361249714488721,0.0361249714488721,0.02138206394484,0.02138206394484,0.02138206394484,0.0340760605608172,0.0340760605608172,0.0340760605608172,456097.0,456097.0,456097.0,382520.0,382520.0,382520.0,21330822.0,21330822.0,21330822.0,11225476.0,11225476.0,11225476.0,21330822.0,21330822.0,21330822.0,456097.0,456097.0,456097.0,24000.0,24000.0,24000.0,0.0340760605608172,0.0340760605608172,0.0340760605608172,0.0361249714488721,0.0361249714488721,0.0361249714488721,2.5,2.5,2.5,0.0,,,0.0,,,2.5,2.5,2.5,2.5,2.5,2.5
Venti (Rerun),venti,1.0,1,4593318.0,venti,4593318.0,16614209.0,2.216666666666667,venti,2.216666666666667,venti,meta,9100.0,9100.0,9100.0,8400.0,8400.0,8400.0,0.042206744666927,0.042206744666927,0.042206744666927,0.0563611987839497,0.0563611987839497,0.0563611987839497,0.0402256059780751,0.0402256059780751,0.0402256059780751,0.0537675511211042,0.0537675511211042,0.0537675511211042,184769.0,184769.0,184769.0,174136.0,174136.0,174136.0,4593318.0,4593318.0,4593318.0,3238682.0,3238682.0,3238682.0,4593318.0,4593318.0,4593318.0,184769.0,184769.0,184769.0,9100.0,9100.0,9100.0,0.0537675511211042,0.0537675511211042,0.0537675511211042,0.0563611987839497,0.0563611987839497,0.0563611987839497,2.85,2.85,2.85,2.85,2.85,2.85,0.95,0.95,0.95,2.85,2.85,2.85,2.216666666666667,2.216666666666667,2.216666666666667
Tartaglia (Rerun),tartaglia,1.0,1,161981.0,tartaglia,161981.0,6965445.0,1.9,tartaglia,1.9,tartaglia,meta,0.0,,,546.0,546.0,546.0,0.0,,,0.0956470203295448,0.0956470203295448,0.0956470203295448,0.0,,,0.0922762546224557,0.0922762546224557,0.0922762546224557,0.0,,,14947.0,14947.0,14947.0,0.0,,,161981.0,161981.0,161981.0,161981.0,161981.0,161981.0,14947.0,14947.0,14947.0,546.0,546.0,546.0,0.0922762546224557,0.0922762546224557,0.0922762546224557,0.0956470203295448,0.0956470203295448,0.0956470203295448,1.9,1.9,1.9,0.0,,,0.0,,,1.9,1.9,1.9,1.9,1.9,1.9
Zhongli (Rerun),zhongli,1.0,1,35127330.0,zhongli,35127330.0,10215165.0,3.5,zhongli,3.5,zhongli,meta,60000.0,60000.0,60000.0,4700.0,4700.0,4700.0,0.0188337115288864,0.0188337115288864,0.0188337115288864,0.0357103397256062,0.0357103397256062,0.0357103397256062,0.0171256397796245,0.0171256397796245,0.0171256397796245,0.03382884657264,0.03382884657264,0.03382884657264,601578.0,601578.0,601578.0,84505.0,84505.0,84505.0,35127330.0,35127330.0,35127330.0,2498016.0,2498016.0,2498016.0,35127330.0,35127330.0,35127330.0,601578.0,601578.0,601578.0,60000.0,60000.0,60000.0,0.03382884657264,0.03382884657264,0.03382884657264,0.0357103397256062,0.0357103397256062,0.0357103397256062,0.0,,,0.0,,,3.5,3.5,3.5,3.5,3.5,3.5,3.5,3.5,3.5
Eula,eula,1.0,0,25160120.0,eula,25160120.0,12619390.0,1.5,eula,1.5,eula,meta,28000.0,28000.0,28000.0,14000.0,14000.0,14000.0,0.0157846226488585,0.0157846226488585,0.0157846226488585,0.0287038099312311,0.0287038099312311,0.0287038099312311,0.0146717503732096,0.0146717503732096,0.0146717503732096,0.0271755889845397,0.0271755889845397,0.0271755889845397,369143.0,369143.0,369143.0,248955.0,248955.0,248955.0,25160120.0,25160120.0,25160120.0,9160979.0,9160979.0,9160979.0,25160120.0,25160120.0,25160120.0,369143.0,369143.0,369143.0,28000.0,28000.0,28000.0,0.0271755889845397,0.0271755889845397,0.0271755889845397,0.0287038099312311,0.0287038099312311,0.0287038099312311,1.5,1.5,1.5,0.0,,,0.0,,,1.5,1.5,1.5,1.5,1.5,1.5
Klee (Rerun),klee,1.0,1,14247890.0,klee,14247890.0,7006180.0,2.5,klee,2.5,klee,meta,15000.0,15000.0,15000.0,5400.0,5400.0,5400.0,0.0253456476713394,0.0253456476713394,0.0253456476713394,0.0082075855328513,0.0082075855328513,0.0082075855328513,0.0242928602059673,0.0242928602059673,0.0242928602059673,0.0077700680169591,0.0077700680169591,0.0077700680169591,346122.0,346122.0,346122.0,95901.0,95901.0,95901.0,14247890.0,14247890.0,14247890.0,12342363.0,12342363.0,12342363.0,14247890.0,14247890.0,14247890.0,346122.0,346122.0,346122.0,15000.0,15000.0,15000.0,0.0242928602059673,0.0242928602059673,0.0242928602059673,0.0253456476713394,0.0253456476713394,0.0253456476713394,2.5,2.5,2.5,0.0,,,0.0,,,2.5,2.5,2.5,2.5,2.5,2.5
Kazuha,kazuha,1.0,0,18832425.0,kazuha,18832425.0,9807112.0,4.0,kazuha,4.0,kazuha,meta,23000.0,23000.0,23000.0,24000.0,24000.0,24000.0,0.0213463746702827,0.0213463746702827,0.0213463746702827,0.0583362230133354,0.0583362230133354,0.0583362230133354,0.0201250768289267,0.0201250768289267,0.0201250768289267,0.0549142335370937,0.0549142335370937,0.0549142335370937,379004.0,379004.0,379004.0,385139.0,385139.0,385139.0,18832425.0,18832425.0,18832425.0,7013464.0,7013464.0,7013464.0,18832425.0,18832425.0,18832425.0,385139.0,385139.0,385139.0,24000.0,24000.0,24000.0,0.0549142335370937,0.0549142335370937,0.0549142335370937,0.0583362230133354,0.0583362230133354,0.0583362230133354,0.0,,,0.0,,,4.0,4.0,4.0,4.0,4.0,4.0,4.0,4.0,4.0
Ayaka,ayaka,1.0,0,15822985.0,ayaka,15822985.0,16451006.0,2.5,ayaka,2.5,ayaka,meta,16000.0,16000.0,16000.0,16000.0,16000.0,16000.0,0.0184858925164878,0.0184858925164878,0.0184858925164878,0.0572560390632558,0.0572560390632558,0.0572560390632558,0.0174747053100284,0.0174747053100284,0.0174747053100284,0.0539125841166247,0.0539125841166247,0.0539125841166247,276502.0,276502.0,276502.0,257997.0,257997.0,257997.0,15822985.0,15822985.0,15822985.0,4785469.0,4785469.0,4785469.0,15822985.0,15822985.0,15822985.0,276502.0,276502.0,276502.0,16000.0,16000.0,16000.0,0.0539125841166247,0.0539125841166247,0.0539125841166247,0.0572560390632558,0.0572560390632558,0.0572560390632558,2.5,2.5,2.5,0.0,,,0.0,,,2.5,2.5,2.5,2.5,2.5,2.5
Yoimiya,yoimiya,1.0,0,12431567.0,yoimiya,12431567.0,8615144.0,2.0,yoimiya,2.0,yoimiya,meta,15000.0,15000.0,15000.0,11000.0,11000.0,11000.0,0.0241355735765249,0.0241355735765249,0.0241355735765249,0.0244330610830145,0.0244330610830145,0.0244330610830145,0.0229289678445203,0.0229289678445203,0.0229289678445203,0.02310642269063,0.02310642269063,0.02310642269063,285043.0,285043.0,285043.0,191590.0,191590.0,191590.0,12431567.0,12431567.0,12431567.0,8291634.0,8291634.0,8291634.0,12431567.0,12431567.0,12431567.0,285043.0,285043.0,285043.0,15000.0,15000.0,15000.0,0.02310642269063,0.02310642269063,0.02310642269063,0.0244330610830145,0.0244330610830145,0.0244330610830145,2.0,2.0,2.0,0.0,,,0.0,,,2.0,2.0,2.0,2.0,2.0,2.0
Raiden,raiden,1.0,0,20558966.0,raiden,20558966.0,33020905.0,3.425,raiden,3.425,raiden,meta,30000.0,30000.0,30000.0,1100.0,1100.0,1100.0,0.0318362800930747,0.0318362800930747,0.0318362800930747,0.0639106015457104,0.0639106015457104,0.0639106015457104,0.0303770627374937,0.0303770627374937,0.0303770627374937,0.0619745033468097,0.0619745033468097,0.0619745033468097,624521.0,624521.0,624521.0,35211.0,35211.0,35211.0,20558966.0,20558966.0,20558966.0,568153.0,568153.0,568153.0,20558966.0,20558966.0,20558966.0,624521.0,624521.0,624521.0,30000.0,30000.0,30000.0,0.0619745033468097,0.0619745033468097,0.0619745033468097,0.0639106015457104,0.0639106015457104,0.0639106015457104,2.85,2.85,2.85,4.0,4.0,4.0,0.0,,,4.0,4.0,4.0,3.425,3.425,3.425
Kokomi,kokomi,1.0,0,9907253.0,kokomi,9907253.0,7020975.0,2.45,kokomi,2.45,kokomi,meta,14000.0,14000.0,14000.0,15000.0,15000.0,15000.0,0.027861204311629,0.027861204311629,0.027861204311629,0.0375180752683289,0.0375180752683289,0.0375180752683289,0.0264480981761543,0.0264480981761543,0.0264480981761543,0.0356314681538832,0.0356314681538832,0.0356314681538832,262028.0,262028.0,262028.0,283298.0,283298.0,283298.0,9907253.0,9907253.0,9907253.0,7950781.0,7950781.0,7950781.0,9907253.0,9907253.0,9907253.0,283298.0,283298.0,283298.0,15000.0,15000.0,15000.0,0.0356314681538832,0.0356314681538832,0.0356314681538832,0.0375180752683289,0.0375180752683289,0.0375180752683289,0.0,,,1.9,1.9,1.9,3.0,3.0,3.0,3.0,3.0,3.0,2.45,2.45,2.45
Tartaglia (2nd Rerun),tartaglia,1.0,1,161981.0,tartaglia,161981.0,7785438.0,1.9,tartaglia,1.9,tartaglia,meta,0.0,,,546.0,546.0,546.0,0.0,,,0.0956470203295448,0.0956470203295448,0.0956470203295448,0.0,,,0.0922762546224557,0.0922762546224557,0.0922762546224557,0.0,,,14947.0,14947.0,14947.0,0.0,,,161981.0,161981.0,161981.0,161981.0,161981.0,161981.0,14947.0,14947.0,14947.0,546.0,546.0,546.0,0.0922762546224557,0.0922762546224557,0.0922762546224557,0.0956470203295448,0.0956470203295448,0.0956470203295448,1.9,1.9,1.9,0.0,,,0.0,,,1.9,1.9,1.9,1.9,1.9,1.9
Hu Tao (Rerun),hu tao,1.0,1,21330822.0,hu tao,21330822.0,25226952.0,2.5,hu tao,2.5,hu tao,meta,24000.0,24000.0,24000.0,23000.0,23000.0,23000.0,0.0225071963940255,0.0225071963940255,0.0225071963940255,0.0361249714488721,0.0361249714488721,0.0361249714488721,0.02138206394484,0.02138206394484,0.02138206394484,0.0340760605608172,0.0340760605608172,0.0340760605608172,456097.0,456097.0,456097.0,382520.0,382520.0,382520.0,21330822.0,21330822.0,21330822.0,11225476.0,11225476.0,11225476.0,21330822.0,21330822.0,21330822.0,456097.0,456097.0,456097.0,24000.0,24000.0,24000.0,0.0340760605608172,0.0340760605608172,0.0340760605608172,0.0361249714488721,0.0361249714488721,0.0361249714488721,2.5,2.5,2.5,0.0,,,0.0,,,2.5,2.5,2.5,2.5,2.5,2.5
Albedo & Eula (Rerun),"albedo, eula",2.0,1,16681901.0,eula,25160120.0,17026066.0,2.0,albedo,2.5,albedo,meta,41000.0,20500.0,28000.0,22400.0,11200.0,14000.0,0.0460477410876278,0.0230238705438139,0.0302631184387693,0.068745267653455,0.0343726338267275,0.0400414577222239,0.0433502145067535,0.02167510725337675,0.0286784641335439,0.0653479780792362,0.0326739890396181,0.0381723890946965,604412.0,302206.0,369143.0,420510.0,210255.0,248955.0,33363802.0,16681901.0,25160120.0,13655196.0,6827598.0,9160979.0,33363802.0,16681901.0,25160120.0,604412.0,302206.0,369143.0,41000.0,20500.0,28000.0,0.0653479780792362,0.0326739890396181,0.0381723890946965,0.068745267653455,0.0343726338267275,0.0400414577222239,1.5,1.5,1.5,2.5,2.5,2.5,0.0,,,4.0,2.0,2.5,4.0,2.0,2.5
Itto,itto,1.0,0,8152775.0,itto,8152775.0,13404072.0,2.0,itto,2.0,itto,meta,12000.0,12000.0,12000.0,11000.0,11000.0,11000.0,0.0423010570020637,0.0423010570020637,0.0423010570020637,0.0664956919023087,0.0664956919023087,0.0664956919023087,0.0408291655295282,0.0408291655295282,0.0408291655295282,0.0642054795205044,0.0642054795205044,0.0642054795205044,332871.0,332871.0,332871.0,308382.0,308382.0,308382.0,8152775.0,8152775.0,8152775.0,4803048.0,4803048.0,4803048.0,8152775.0,8152775.0,8152775.0,332871.0,332871.0,332871.0,12000.0,12000.0,12000.0,0.0642054795205044,0.0642054795205044,0.0642054795205044,0.0664956919023087,0.0664956919023087,0.0664956919023087,2.0,2.0,2.0,0.0,,,0.0,,,2.0,2.0,2.0,2.0,2.0,2.0
Shenhe & Xiao (Rerun),"shenhe, xiao",2.0,1,10483869.0,xiao,14156109.0,16994406.0,3.0,shenhe,3.5,shenhe,meta,35000.0,17500.0,21000.0,16800.0,8400.0,11000.0,0.0796213507081627,0.03981067535408135,0.051473149814824,0.08084739971203439,0.040423699856017195,0.0636573806829989,0.0760825835745438,0.0380412917872719,0.0494178411654539,0.0778295516525977,0.03891477582629885,0.0613896237337669,714085.0,357042.5,377469.0,424897.0,212448.5,297777.0,20967738.0,10483869.0,14156109.0,12583002.0,6291501.0,7732394.0,20967738.0,10483869.0,14156109.0,714085.0,357042.5,377469.0,35000.0,17500.0,21000.0,0.0880543661428568,0.0440271830714284,0.0613896237337669,0.09180558157633759,0.04590279078816879,0.0636573806829989,2.5,2.5,2.5,0.0,,,3.5,3.5,3.5,6.0,3.0,3.5,6.0,3.0,3.5
Zhongli & Ganyu (2nd & 1st Rerun),"zhongli, ganyu",2.0,1,21816035.0,zhongli,35127330.0,26780298.0,2.725,zhongli,3.5,zhongli,meta,74000.0,37000.0,60000.0,12300.0,6150.0,7600.0,0.0476300063009781,0.02381500315048905,0.0287962947720917,0.0660646540531657,0.03303232702658285,0.0357103397256062,0.044275793693794696,0.022137896846897348,0.0271501539141702,0.0624775471418212,0.0312387735709106,0.03382884657264,832483.0,416241.5,601578.0,212160.0,106080.0,127655.0,43632070.0,21816035.0,35127330.0,6953890.0,3476945.0,4455874.0,43632070.0,21816035.0,35127330.0,832483.0,416241.5,601578.0,74000.0,37000.0,60000.0,0.0624775471418212,0.0312387735709106,0.03382884657264,0.0660646540531657,0.03303232702658285,0.0357103397256062,2.0,2.0,2.0,1.9,1.9,1.9,3.5,3.5,3.5,5.5,2.75,3.5,5.45,2.725,3.5
Yae Miko,yae miko,1.0,0,7167009.0,yae miko,7167009.0,15110264.0,3.0,yae miko,3.0,yae miko,meta,10000.0,10000.0,10000.0,8000.0,8000.0,8000.0,0.0490309137326324,0.0490309137326324,0.0490309137326324,0.075486810488583,0.075486810488583,0.075486810488583,0.0476356315444839,0.0476356315444839,0.0476356315444839,0.0735769305603468,0.0735769305603468,0.0735769305603468,341405.0,341405.0,341405.0,308195.0,308195.0,308195.0,7167009.0,7167009.0,7167009.0,4188745.0,4188745.0,4188745.0,7167009.0,7167009.0,7167009.0,341405.0,341405.0,341405.0,10000.0,10000.0,10000.0,0.0735769305603468,0.0735769305603468,0.0735769305603468,0.075486810488583,0.075486810488583,0.075486810488583,0.0,,,3.0,3.0,3.0,0.0,,,3.0,3.0,3.0,3.0,3.0,3.0
Shougun & Kokomi (Rerun),"raiden, kokomi",2.0,1,15233109.5,raiden,20558966.0,33560259.0,2.9375,raiden,3.425,raiden,meta,44000.0,22000.0,30000.0,16100.0,8050.0,15000.0,0.0596974844047037,0.02984874220235185,0.0318362800930747,0.1014286768140393,0.05071433840701965,0.0639106015457104,0.056825160913648004,0.028412580456824002,0.0303770627374937,0.09760597150069289,0.048802985750346445,0.0619745033468097,886549.0,443274.5,624521.0,318509.0,159254.5,283298.0,30466219.0,15233109.5,20558966.0,8518934.0,4259467.0,7950781.0,30466219.0,15233109.5,20558966.0,907819.0,453909.5,624521.0,45000.0,22500.0,30000.0,0.09760597150069289,0.048802985750346445,0.0619745033468097,0.1014286768140393,0.05071433840701965,0.0639106015457104,2.85,2.85,2.85,5.9,2.95,4.0,3.0,3.0,3.0,7.0,3.5,4.0,5.875,2.9375,3.425
Ayato & Venti (2nd Rerun),"ayato, venti",2.0,1,5217395.0,ayato,5841472.0,22767455.0,2.1083333333333334,venti,2.216666666666667,venti,meta,18600.0,9300.0,9500.0,17300.0,8650.0,8900.0,0.0892207507256738,0.0446103753628369,0.0470140060587468,0.1382664221603762,0.0691332110801881,0.0819052233764265,0.08561330962537489,0.042806654812687445,0.0453877036472998,0.1332980758708002,0.0666490379354001,0.079530524749696,449900.0,224950.0,265131.0,472204.0,236102.0,298068.0,10434790.0,5217395.0,5841472.0,6986526.0,3493263.0,3747844.0,10434790.0,5217395.0,5841472.0,482837.0,241418.5,298068.0,18600.0,9300.0,9500.0,0.1332980758708002,0.0666490379354001,0.079530524749696,0.1382664221603762,0.0691332110801881,0.0819052233764265,4.85,2.425,2.85,2.85,2.85,2.85,0.95,0.95,0.95,4.85,2.425,2.85,4.216666666666667,2.1083333333333334,2.216666666666667
Ayaka (Rerun),ayaka,1.0,1,15822985.0,ayaka,15822985.0,35939066.0,2.5,ayaka,2.5,ayaka,meta,16000.0,16000.0,16000.0,16000.0,16000.0,16000.0,0.0184858925164878,0.0184858925164878,0.0184858925164878,0.0572560390632558,0.0572560390632558,0.0572560390632558,0.0174747053100284,0.0174747053100284,0.0174747053100284,0.0539125841166247,0.0539125841166247,0.0539125841166247,276502.0,276502.0,276502.0,257997.0,257997.0,257997.0,15822985.0,15822985.0,15822985.0,4785469.0,4785469.0,4785469.0,15822985.0,15822985.0,15822985.0,276502.0,276502.0,276502.0,16000.0,16000.0,16000.0,0.0539125841166247,0.0539125841166247,0.0539125841166247,0.0572560390632558,0.0572560390632558,0.0572560390632558,2.5,2.5,2.5,0.0,,,0.0,,,2.5,2.5,2.5,2.5,2.5,2.5
Yelan & Xiao (2nd Rerun),"yelan, xiao",2.0,1,10522751.5,xiao,14156109.0,32177144.0,3.25,yelan,4.0,yelan,meta,36000.0,18000.0,21000.0,6607.0,3303.5,5800.0,0.07620075820099151,0.038100379100495754,0.0480525573076528,0.071579097345852,0.035789548672926,0.0543890783168165,0.0725400400042049,0.03627002000210245,0.045875297595115,0.0681471055756405,0.03407355278782025,0.0517071776568097,693522.0,346761.0,377469.0,142679.0,71339.5,127120.0,21045503.0,10522751.5,14156109.0,8033300.0,4016650.0,7732394.0,21045503.0,10522751.5,14156109.0,693522.0,346761.0,377469.0,36000.0,18000.0,21000.0,0.0783719200658996,0.0391859600329498,0.0517071776568097,0.08253727921015519,0.041268639605077595,0.0543890783168165,2.5,2.5,2.5,4.0,4.0,4.0,0.0,,,6.5,3.25,4.0,6.5,3.25,4.0
Itto (Rerun),itto,1.0,1,8152775.0,itto,8152775.0,12586764.0,2.0,itto,2.0,itto,meta,12000.0,12000.0,12000.0,11000.0,11000.0,11000.0,0.0423010570020637,0.0423010570020637,0.0423010570020637,0.0664956919023087,0.0664956919023087,0.0664956919023087,0.0408291655295282,0.0408291655295282,0.0408291655295282,0.0642054795205044,0.0642054795205044,0.0642054795205044,332871.0,332871.0,332871.0,308382.0,308382.0,308382.0,8152775.0,8152775.0,8152775.0,4803048.0,4803048.0,4803048.0,8152775.0,8152775.0,8152775.0,332871.0,332871.0,332871.0,12000.0,12000.0,12000.0,0.0642054795205044,0.0642054795205044,0.0642054795205044,0.0664956919023087,0.0664956919023087,0.0664956919023087,2.0,2.0,2.0,0.0,,,0.0,,,2.0,2.0,2.0,2.0,2.0,2.0
Kazuha & Klee (1st & 2nd Rerun),"kazuha, klee",2.0,1,16540157.5,kazuha,18832425.0,24808479.0,3.25,kazuha,4.0,kazuha,meta,38000.0,19000.0,23000.0,29400.0,14700.0,24000.0,0.0466920223416221,0.02334601117081105,0.0253456476713394,0.0665438085461867,0.03327190427309335,0.0583362230133354,0.044417937034894,0.022208968517447,0.0242928602059673,0.0626843015540528,0.0313421507770264,0.0549142335370937,725126.0,362563.0,379004.0,481040.0,240520.0,385139.0,33080315.0,16540157.5,18832425.0,19355827.0,9677913.5,12342363.0,33080315.0,16540157.5,18832425.0,731261.0,365630.5,385139.0,39000.0,19500.0,24000.0,0.07920709374306101,0.039603546871530504,0.0549142335370937,0.08368187068467481,0.041840935342337404,0.0583362230133354,2.5,2.5,2.5,0.0,,,4.0,4.0,4.0,6.5,3.25,4.0,6.5,3.25,4.0
Yoimiya (Rerun),yoimiya,1.0,1,12431567.0,yoimiya,12431567.0,14333266.0,2.0,yoimiya,2.0,yoimiya,meta,15000.0,15000.0,15000.0,11000.0,11000.0,11000.0,0.0241355735765249,0.0241355735765249,0.0241355735765249,0.0244330610830145,0.0244330610830145,0.0244330610830145,0.0229289678445203,0.0229289678445203,0.0229289678445203,0.02310642269063,0.02310642269063,0.02310642269063,285043.0,285043.0,285043.0,191590.0,191590.0,191590.0,12431567.0,12431567.0,12431567.0,8291634.0,8291634.0,8291634.0,12431567.0,12431567.0,12431567.0,285043.0,285043.0,285043.0,15000.0,15000.0,15000.0,0.02310642269063,0.02310642269063,0.02310642269063,0.0244330610830145,0.0244330610830145,0.0244330610830145,2.0,2.0,2.0,0.0,,,0.0,,,2.0,2.0,2.0,2.0,2.0,2.0
Tighnari & Zhongli (3rd Rerun),"tighnari, zhongli",2.0,1,28483050.5,zhongli,35127330.0,19068372.0,2.4625,zhongli,3.5,zhongli,meta,68100.0,34050.0,60000.0,11800.0,5900.0,7100.0,0.0281762702287326,0.0140881351143663,0.0188337115288864,0.1252566984286053,0.06262834921430264,0.0895463587029991,0.0260972984869757,0.01304864924348785,0.0171256397796245,0.1203281845966685,0.06016409229833425,0.0864993380240285,797508.0,398754.0,601578.0,286061.0,143030.5,201556.0,56966101.0,28483050.5,35127330.0,4828161.0,2414080.5,2498016.0,56966101.0,28483050.5,35127330.0,803134.0,401567.0,601578.0,68100.0,34050.0,60000.0,0.1203281845966685,0.06016409229833425,0.0864993380240285,0.1252566984286053,0.06262834921430264,0.0895463587029991,1.9,1.9,1.9,0.95,0.95,0.95,3.5,3.5,3.5,5.4,2.7,3.5,4.925,2.4625,3.5
Ganyu & Kokomi (2nd Rerun),"ganyu, kokomi",2.0,1,9205996.5,kokomi,9907253.0,15681840.0,2.2,kokomi,2.45,kokomi,meta,28000.0,14000.0,14000.0,22600.0,11300.0,15000.0,0.0566574990837207,0.02832874954186035,0.0287962947720917,0.0678723895958884,0.0339361947979442,0.0375180752683289,0.0535982520903245,0.02679912604516225,0.0271501539141702,0.0642801687230644,0.0321400843615322,0.0356314681538832,492933.0,246466.5,262028.0,410953.0,205476.5,283298.0,18411993.0,9205996.5,9907253.0,12406655.0,6203327.5,7950781.0,18411993.0,9205996.5,9907253.0,514203.0,257101.5,283298.0,29000.0,14500.0,15000.0,0.0642801687230644,0.0321400843615322,0.0356314681538832,0.0678723895958884,0.0339361947979442,0.0375180752683289,2.0,2.0,2.0,3.8,1.9,1.9,3.0,3.0,3.0,5.0,2.5,3.0,4.4,2.2,2.45
Cyno & Venti (3rd Rerun),"cyno, venti",2.0,1,4059755.0,venti,4593318.0,19052023.0,2.1083333333333334,venti,2.216666666666667,venti,meta,15000.0,7500.0,9100.0,16000.0,8000.0,8400.0,0.10062358640441599,0.050311793202207994,0.058416841737489,0.1379086649968121,0.06895433249840605,0.0815474662128624,0.0969692546506374,0.0484846273253187,0.0567436486725623,0.1327574889294167,0.06637874446470834,0.0789899378083125,384858.0,192429.0,200089.0,408864.0,204432.0,234728.0,8119510.0,4059755.0,4593318.0,6210301.0,3105150.5,3238682.0,8119510.0,4059755.0,4593318.0,419497.0,209748.5,234728.0,16700.0,8350.0,9100.0,0.1327574889294167,0.06637874446470834,0.0789899378083125,0.1379086649968121,0.06895433249840605,0.0815474662128624,4.85,2.425,2.85,2.85,2.85,2.85,0.95,0.95,0.95,4.85,2.425,2.85,4.216666666666667,2.1083333333333334,2.216666666666667
Nilou & Albedo (2nd Rerun),"nilou, albedo",2.0,1,5690115.5,albedo,8203682.0,15731680.0,3.15,nilou,3.8,nilou,meta,17100.0,8550.0,13000.0,13100.0,6550.0,8400.0,0.0780813639624492,0.0390406819812246,0.0478182455236799,0.11370541768609421,0.056852708843047106,0.0736639599638703,0.07520600077787079,0.037603000388935395,0.0465275366443269,0.1097073459665296,0.0548536729832648,0.0715349568718331,383066.0,191533.0,235269.0,329476.0,164738.0,171555.0,11380231.0,5690115.5,8203682.0,6701823.0,3350911.5,4494217.0,11380231.0,5690115.5,8203682.0,393190.0,196595.0,235269.0,17700.0,8850.0,13000.0,0.1097073459665296,0.0548536729832648,0.0715349568718331,0.11370541768609421,0.056852708843047106,0.0736639599638703,0.0,,,6.3,3.15,3.8,3.8,3.8,3.8,6.3,3.15,3.8,6.3,3.15,3.8
Nahida & Yoimiya (2nd Rerun),"nahida, yoimiya",2.0,1,10356821.5,yoimiya,12431567.0,34017290.0,2.825,nahida,3.65,nahida,meta,28000.0,14000.0,15000.0,12900.0,6450.0,11000.0,0.0631151724114063,0.03155758620570315,0.0389795988348814,0.11442402081970901,0.057212010409854505,0.0899909597366945,0.0603389119213435,0.03016945596067175,0.0374099440768232,0.1091668331640956,0.0545834165820478,0.0860604104734656,594875.0,297437.5,309832.0,233191.0,116595.5,191590.0,20713643.0,10356821.5,12431567.0,8775027.0,4387513.5,8291634.0,20713643.0,10356821.5,12431567.0,594875.0,297437.5,309832.0,28000.0,14000.0,15000.0,0.1091668331640956,0.0545834165820478,0.0860604104734656,0.11442402081970901,0.057212010409854505,0.0899909597366945,2.0,2.0,2.0,3.5,3.5,3.5,3.8,3.8,3.8,5.8,2.9,3.8,5.65,2.825,3.65
Tartaglia & Yae Miko (3rd & 1st Rerun),"tartaglia, yae miko",2.0,1,3664495.0,yae miko,7167009.0,18437409.0,2.45,yae miko,3.0,yae miko,meta,10000.0,10000.0,10000.0,8546.0,4273.0,8000.0,0.0490309137326324,0.0490309137326324,0.0490309137326324,0.17113383081812777,0.08556691540906389,0.0956470203295448,0.0476356315444839,0.0476356315444839,0.0476356315444839,0.1658531851828025,0.08292659259140125,0.0922762546224557,341405.0,341405.0,341405.0,323142.0,161571.0,308195.0,7167009.0,7167009.0,7167009.0,4350726.0,2175363.0,4188745.0,7328990.0,3664495.0,7167009.0,356352.0,178176.0,341405.0,10546.0,5273.0,10000.0,0.1658531851828025,0.08292659259140125,0.0922762546224557,0.17113383081812777,0.08556691540906389,0.0956470203295448,1.9,1.9,1.9,3.0,3.0,3.0,0.0,,,4.9,2.45,3.0,4.9,2.45,3.0
Wanderer & Itto (2nd Rerun),"wanderer, itto",2.0,1,7996920.5,itto,8152775.0,27126505.0,2.0,wanderer,2.0,wanderer,meta,25000.0,12500.0,13000.0,24000.0,12000.0,13000.0,0.08977266354127661,0.044886331770638305,0.0474716065392129,0.1433412109438065,0.07167060547190325,0.0768455190414978,0.0866428342322275,0.04332141711611375,0.0458136687026993,0.1385978295582832,0.0692989147791416,0.0743923500377788,692099.0,346049.5,359228.0,702607.0,351303.5,394225.0,15993841.0,7996920.5,8152775.0,10102316.0,5051158.0,5299268.0,15993841.0,7996920.5,8152775.0,727096.0,363548.0,394225.0,25000.0,12500.0,13000.0,0.1385978295582832,0.0692989147791416,0.0743923500377788,0.1433412109438065,0.07167060547190325,0.0768455190414978,4.0,2.0,2.0,0.0,,,0.0,,,4.0,2.0,2.0,4.0,2.0,2.0
Shougun & Ayato (2nd & 1st Rerun),"raiden, ayato",2.0,1,13200219.0,raiden,20558966.0,37919130.0,2.7125,raiden,3.425,raiden,meta,39500.0,19750.0,30000.0,10000.0,5000.0,8900.0,0.0788502861518215,0.03942514307591075,0.0470140060587468,0.1458158249221369,0.07290791246106845,0.0819052233764265,0.0757647663847935,0.03788238319239675,0.0453877036472998,0.1415050280965057,0.07075251404825285,0.079530524749696,889652.0,444826.0,624521.0,333279.0,166639.5,298068.0,26400438.0,13200219.0,20558966.0,4315997.0,2157998.5,3747844.0,26400438.0,13200219.0,20558966.0,922589.0,461294.5,624521.0,39500.0,19750.0,30000.0,0.1415050280965057,0.07075251404825285,0.079530524749696,0.1458158249221369,0.07290791246106845,0.0819052233764265,4.85,2.425,2.85,4.0,4.0,4.0,0.0,,,6.0,3.0,4.0,5.425,2.7125,3.425
Alhaitham & Xiao (3rd Rerun),"alhaitham, xiao",2.0,1,13735117.0,xiao,14156109.0,18361860.0,2.75,alhaitham,3.0,alhaitham,meta,32000.0,16000.0,21000.0,11300.0,5650.0,5800.0,0.0535597093477057,0.02677985467385285,0.0281482008933387,0.0858298900848716,0.0429149450424358,0.0686398710558361,0.0512500606331564,0.0256250303165782,0.0266647424090899,0.0830017607032471,0.04150088035162355,0.0665618327844163,704801.0,352400.5,377469.0,303291.0,151645.5,176171.0,27470234.0,13735117.0,14156109.0,10379121.0,5189560.5,7732394.0,27470234.0,13735117.0,14156109.0,704801.0,352400.5,377469.0,32000.0,16000.0,21000.0,0.09322657519350619,0.046613287596753095,0.0665618327844163,0.0967880719491748,0.0483940359745874,0.0686398710558361,5.5,2.75,3.0,0.0,,,0.0,,,5.5,2.75,3.0,5.5,2.75,3.0
Hu Tao & Yelan (2nd & 1st Rerun),"hu tao, yelan",2.0,1,14110108.0,hu tao,21330822.0,46556153.0,3.25,yelan,4.0,yelan,meta,39000.0,19500.0,24000.0,23807.0,11903.5,23000.0,0.0705597537016783,0.03527987685083915,0.0480525573076528,0.0905140497656886,0.0452570248828443,0.0543890783168165,0.067257361539955,0.0336286807699775,0.045875297595115,0.0857832382176269,0.04289161910881345,0.0517071776568097,772150.0,386075.0,456097.0,398079.0,199039.5,382520.0,28220216.0,14110108.0,21330822.0,11526382.0,5763191.0,11225476.0,28220216.0,14110108.0,21330822.0,772150.0,386075.0,456097.0,39000.0,19500.0,24000.0,0.0857832382176269,0.04289161910881345,0.0517071776568097,0.0905140497656886,0.0452570248828443,0.0543890783168165,2.5,2.5,2.5,4.0,4.0,4.0,0.0,,,6.5,3.25,4.0,6.5,3.25,4.0
Dehya & Cyno (1st Rerun),"dehya, cyno",2.0,1,2804736.5,cyno,3526192.0,13198046.0,1.4083333333333334,cyno,2.0,cyno,meta,12700.0,6350.0,6800.0,12200.0,6100.0,7600.0,0.1203935985936212,0.0601967992968106,0.0619767568561322,0.1643491058492908,0.0821745529246454,0.0828016396364284,0.1154563235349548,0.0577281617674774,0.0587126748623925,0.159188979939274,0.079594489969637,0.0801990421309615,322404.0,161202.0,200089.0,376477.0,188238.5,234728.0,5609473.0,2804736.5,3526192.0,4739084.0,2369542.0,2971619.0,5609473.0,2804736.5,3526192.0,376477.0,188238.5,234728.0,14400.0,7200.0,7600.0,0.159188979939274,0.079594489969637,0.0801990421309615,0.1643491058492908,0.0821745529246454,0.0828016396364284,2.0,1.0,2.0,0.95,0.95,0.95,1.5,1.5,1.5,3.5,1.75,2.0,2.816666666666667,1.4083333333333334,2.0
Ayaka & Shenhe (2nd & 1st Rerun),"ayaka, shenhe",2.0,1,11317307.0,ayaka,15822985.0,35962024.0,3.0,shenhe,3.5,shenhe,meta,30000.0,15000.0,16000.0,27000.0,13500.0,16000.0,0.06995904233131181,0.034979521165655905,0.051473149814824,0.12091341974625469,0.060456709873127346,0.0636573806829989,0.06689254647548229,0.033446273237741145,0.0494178411654539,0.11530220785039161,0.057651103925195804,0.0613896237337669,613118.0,306559.0,336616.0,555774.0,277887.0,297777.0,22634614.0,11317307.0,15822985.0,9636077.0,4818038.5,4850608.0,22634614.0,11317307.0,15822985.0,613118.0,306559.0,336616.0,30000.0,15000.0,16000.0,0.11530220785039161,0.057651103925195804,0.0613896237337669,0.12091341974625469,0.060456709873127346,0.0636573806829989,2.5,2.5,2.5,0.0,,,3.5,3.5,3.5,6.0,3.0,3.5,6.0,3.0,3.5
Nahida & Nilou (1st Rerun),"nahida, nilou",2.0,1,5729312.5,nahida,8282076.0,28019235.0,3.7249999999999996,nilou,3.8,nilou,meta,17100.0,8550.0,13000.0,6600.0,3300.0,4700.0,0.0867978443585613,0.04339892217928065,0.0478182455236799,0.1636549197005648,0.0818274598502824,0.0899909597366945,0.08393748072115009,0.041968740360575046,0.0465275366443269,0.15759536734529872,0.07879768367264936,0.0860604104734656,457629.0,228814.5,309832.0,199522.0,99761.0,157921.0,11458625.0,5729312.5,8282076.0,2690999.0,1345499.5,2207606.0,11458625.0,5729312.5,8282076.0,467753.0,233876.5,309832.0,17700.0,8850.0,13000.0,0.15759536734529872,0.07879768367264936,0.0860604104734656,0.1636549197005648,0.0818274598502824,0.0899909597366945,0.0,,,7.3,3.65,3.8,7.6,3.8,3.8,7.6,3.8,3.8,7.449999999999999,3.7249999999999996,3.8
Baizhu & Ganyu (3rd Rerun),"baizhu, ganyu",2.0,1,5943820.0,ganyu,8504740.0,9108580.0,2.725,baizhu,3.5,baizhu,meta,18700.0,9350.0,14000.0,11400.0,5700.0,7600.0,0.06584025114088769,0.032920125570443846,0.037043956368796,0.11244570465954,0.05622285232977,0.0820913903319805,0.0628047697763003,0.03140238488815015,0.0356546158621301,0.1086830424517161,0.05434152122585805,0.0800343418825349,351521.0,175760.5,230905.0,275503.0,137751.5,147848.0,11887640.0,5943820.0,8504740.0,6303181.0,3151590.5,4455874.0,11887640.0,5943820.0,8504740.0,378753.0,189376.5,230905.0,18700.0,9350.0,14000.0,0.1086830424517161,0.05434152122585805,0.0800343418825349,0.11244570465954,0.05622285232977,0.0820913903319805,2.0,2.0,2.0,1.9,1.9,1.9,3.5,3.5,3.5,5.5,2.75,3.5,5.45,2.725,3.5
Yoimiya & Yae Miko (3rd & 2nd Rerun),"yoimiya, yae miko",2.0,1,9799288.0,yoimiya,12431567.0,9154188.0,2.5,yae miko,3.0,yae miko,meta,25000.0,12500.0,15000.0,19000.0,9500.0,11000.0,0.0731664873091573,0.03658324365457865,0.0490309137326324,0.0999198715715975,0.04995993578579875,0.075486810488583,0.0705645993890042,0.0352822996945021,0.0476356315444839,0.0966833532509768,0.0483416766254884,0.0735769305603468,626448.0,313224.0,341405.0,499785.0,249892.5,308195.0,19598576.0,9799288.0,12431567.0,12480379.0,6240189.5,8291634.0,19598576.0,9799288.0,12431567.0,626448.0,313224.0,341405.0,25000.0,12500.0,15000.0,0.0966833532509768,0.0483416766254884,0.0735769305603468,0.0999198715715975,0.04995993578579875,0.075486810488583,2.0,2.0,2.0,3.0,3.0,3.0,0.0,,,5.0,2.5,3.0,5.0,2.5,3.0
Alhaitham & Kazuha (1st & 2nd Rerun),"alhaitham, kazuha",2.0,1,16073275.0,kazuha,18832425.0,17459928.0,3.5,kazuha,4.0,kazuha,meta,34000.0,17000.0,23000.0,29500.0,14750.0,24000.0,0.0467578831246497,0.02337894156232485,0.025411508454367,0.1269760940691715,0.06348804703458576,0.0686398710558361,0.0447103950529932,0.0223551975264966,0.0245853182240665,0.12147606632151,0.060738033160755,0.0665618327844163,706336.0,353168.0,379004.0,561310.0,280655.0,385139.0,32146550.0,16073275.0,18832425.0,9660191.0,4830095.5,7013464.0,32146550.0,16073275.0,18832425.0,712471.0,356235.5,385139.0,35000.0,17500.0,24000.0,0.12147606632151,0.060738033160755,0.0665618327844163,0.1269760940691715,0.06348804703458576,0.0686398710558361,3.0,3.0,3.0,0.0,,,4.0,4.0,4.0,7.0,3.5,4.0,7.0,3.5,4.0
Eula & Klee (2nd & 3rd Rerun),"eula, klee",2.0,1,19704005.0,eula,25160120.0,6458188.0,2.0,klee,2.5,klee,meta,43000.0,21500.0,28000.0,19400.0,9700.0,14000.0,0.0411302703201979,0.02056513516009895,0.0253456476713394,0.0369113954640824,0.0184556977320412,0.0287038099312311,0.0389646105791769,0.01948230528958845,0.0242928602059673,0.0349456570014988,0.0174728285007494,0.0271755889845397,715265.0,357632.5,369143.0,344856.0,172428.0,248955.0,39408010.0,19704005.0,25160120.0,21503342.0,10751671.0,12342363.0,39408010.0,19704005.0,25160120.0,715265.0,357632.5,369143.0,43000.0,21500.0,28000.0,0.051468449190507,0.0257342245952535,0.0271755889845397,0.0540494576025705,0.02702472880128525,0.0287038099312311,4.0,2.0,2.5,0.0,,,0.0,,,4.0,2.0,2.5,4.0,2.0,2.5
Kokomi & Wanderer (3rd & 1st Rerun),"kokomi, wanderer",2.0,1,8874159.5,kokomi,9907253.0,9129631.0,2.225,kokomi,2.45,kokomi,meta,27000.0,13500.0,14000.0,28000.0,14000.0,15000.0,0.0753328108508419,0.03766640542542095,0.0474716065392129,0.1143635943098267,0.05718179715491335,0.0768455190414978,0.0722617668788536,0.0361308834394268,0.0458136687026993,0.110023818191662,0.055011909095831,0.0743923500377788,621256.0,310628.0,359228.0,677523.0,338761.5,394225.0,17748319.0,8874159.5,9907253.0,13250049.0,6625024.5,7950781.0,17748319.0,8874159.5,9907253.0,677523.0,338761.5,394225.0,28000.0,14000.0,15000.0,0.110023818191662,0.055011909095831,0.0743923500377788,0.1143635943098267,0.05718179715491335,0.0768455190414978,2.0,2.0,2.0,1.9,1.9,1.9,3.0,3.0,3.0,5.0,2.5,3.0,4.45,2.225,2.45
Lyney & Yelan (2nd Rerun),"lyney, yelan",2.0,1,4767666.5,yelan,6889394.0,11473539.0,3.25,yelan,4.0,yelan,meta,18800.0,9400.0,15000.0,4807.0,2403.5,4000.0,0.1056086838850228,0.0528043419425114,0.05755612657737,0.1112884020666247,0.05564420103331235,0.0568993237498082,0.1019952610561018,0.0509976305280509,0.0561199634609868,0.10709151917925319,0.053545759589626596,0.0553843415224435,464543.0,232271.5,316053.0,161790.0,80895.0,146231.0,9535333.0,4767666.5,6889394.0,2941201.0,1470600.5,2640295.0,9535333.0,4767666.5,6889394.0,464543.0,232271.5,316053.0,19000.0,9500.0,15000.0,0.1078271411177965,0.05391357055889825,0.0561199634609868,0.1119452048941865,0.05597260244709325,0.05755612657737,2.5,2.5,2.5,4.0,4.0,4.0,0.0,,,6.5,3.25,4.0,6.5,3.25,4.0
Zhongli & Tartaglia (4th Rerun),"zhongli, tartaglia",2.0,1,17644655.5,zhongli,35127330.0,9039617.0,2.7,zhongli,3.5,zhongli,meta,60000.0,60000.0,60000.0,5246.0,2623.0,4700.0,0.0188337115288864,0.0188337115288864,0.0188337115288864,0.131357360055151,0.0656786800275755,0.0956470203295448,0.0171256397796245,0.0171256397796245,0.0171256397796245,0.12610510119509571,0.06305255059754786,0.0922762546224557,601578.0,601578.0,601578.0,99452.0,49726.0,84505.0,35127330.0,35127330.0,35127330.0,2659997.0,1329998.5,2498016.0,35289311.0,17644655.5,35127330.0,616525.0,308262.5,601578.0,60546.0,30273.0,60000.0,0.12610510119509571,0.06305255059754786,0.0922762546224557,0.131357360055151,0.0656786800275755,0.0956470203295448,1.9,1.9,1.9,0.0,,,3.5,3.5,3.5,5.4,2.7,3.5,5.4,2.7,3.5
Neuvillette & Hu Tao (3rd Rerun),"neuvillette, hu tao",2.0,1,13969329.0,hu tao,21330822.0,13832472.0,3.25,neuvillette,4.0,neuvillette,meta,29500.0,14750.0,24000.0,23660.0,11830.0,23000.0,0.0558096270233571,0.02790481351167855,0.0333024306293316,0.1070589254785491,0.05352946273927455,0.070933954029677,0.053852149461490195,0.026926074730745098,0.0324700855166502,0.1015185976571221,0.05075929882856105,0.0674425370963049,670654.0,335327.0,456097.0,395269.0,197634.5,382520.0,27938658.0,13969329.0,21330822.0,11414511.0,5707255.5,11225476.0,27938658.0,13969329.0,21330822.0,670654.0,335327.0,456097.0,29500.0,14750.0,24000.0,0.1015185976571221,0.05075929882856105,0.0674425370963049,0.1070589254785491,0.05352946273927455,0.070933954029677,6.5,3.25,4.0,0.0,,,0.0,,,6.5,3.25,4.0,6.5,3.25,4.0
Wriothesley & Venti (4th Rerun),"wriothesley, venti",2.0,1,3911668.5,venti,4593318.0,11730045.0,2.6083333333333334,wriothesley,3.0,wriothesley,meta,14900.0,7450.0,9100.0,10900.0,5450.0,8400.0,0.0966126165828507,0.04830630829142535,0.0544058719159237,0.11739102885029379,0.058695514425146894,0.0610298300663441,0.0928358228220007,0.04641791141100035,0.0526102168439256,0.1135585087397733,0.05677925436988665,0.0597909576186691,354701.0,177350.5,184769.0,294792.0,147396.0,174136.0,7823337.0,3911668.5,4593318.0,5256646.0,2628323.0,3238682.0,7823337.0,3911668.5,4593318.0,354701.0,177350.5,184769.0,14900.0,7450.0,9100.0,0.1135585087397733,0.05677925436988665,0.0597909576186691,0.11739102885029379,0.058695514425146894,0.0610298300663441,5.85,2.925,3.0,2.85,2.85,2.85,0.95,0.95,0.95,5.85,2.925,3.0,5.216666666666667,2.6083333333333334,3.0
Furina & Baizhu (1st Rerun),"furina, baizhu",2.0,1,8841867.5,furina,14300835.0,29234126.0,4.0625,furina,4.625,furina,meta,20700.0,10350.0,16000.0,10700.0,5350.0,6900.0,0.0764285097882292,0.0382142548941146,0.0393845534194332,0.1218798263891973,0.06093991319459865,0.0820913903319805,0.0739203534921356,0.0369601767460678,0.0382657376300055,0.118810748874277,0.0594053744371385,0.0800343418825349,667848.0,333924.0,547232.0,412225.0,206112.5,264377.0,17683735.0,8841867.5,14300835.0,8665293.0,4332646.5,6817986.0,17683735.0,8841867.5,14300835.0,695080.0,347540.0,547232.0,20700.0,10350.0,16000.0,0.118810748874277,0.0594053744371385,0.0800343418825349,0.1218798263891973,0.06093991319459865,0.0820913903319805,0.0,,,4.5,4.5,4.5,8.25,4.125,4.75,8.25,4.125,4.75,8.125,4.0625,4.625
Cyno & Ayato (2nd Rerun),"cyno, ayato",2.0,1,4683832.0,ayato,5841472.0,8296003.0,2.0,cyno,2.0,cyno,meta,15400.0,7700.0,9500.0,16500.0,8250.0,8900.0,0.1054308477962358,0.0527154238981179,0.058416841737489,0.16345268958928888,0.08172634479464444,0.0819052233764265,0.10213135231986209,0.051065676159931045,0.0567436486725623,0.1585204625580085,0.07926023127900425,0.079530524749696,465220.0,232610.0,265131.0,532796.0,266398.0,298068.0,9367664.0,4683832.0,5841472.0,6719463.0,3359731.5,3747844.0,9367664.0,4683832.0,5841472.0,532796.0,266398.0,298068.0,17100.0,8550.0,9500.0,0.1585204625580085,0.07926023127900425,0.079530524749696,0.16345268958928888,0.08172634479464444,0.0819052233764265,4.0,2.0,2.0,0.0,,,0.0,,,4.0,2.0,2.0,4.0,2.0,2.0
Navia & Ayaka (3rd Rerun),"navia, ayaka",2.0,1,9842792.0,ayaka,15822985.0,18269797.0,2.75,navia,3.0,navia,meta,21000.0,10500.0,16000.0,19100.0,9550.0,16000.0,0.0628099344374845,0.03140496721874225,0.0443240419209967,0.0800658745362536,0.0400329372681268,0.0572560390632558,0.060504282027673696,0.030252141013836848,0.0430295767176453,0.0759115938630114,0.0379557969315057,0.0539125841166247,442708.0,221354.0,276502.0,342105.0,171052.5,257997.0,19685584.0,9842792.0,15822985.0,8608732.0,4304366.0,4785469.0,19685584.0,9842792.0,15822985.0,442708.0,221354.0,276502.0,21000.0,10500.0,16000.0,0.09694216083427,0.048471080417135,0.0539125841166247,0.1015800809842525,0.05079004049212625,0.0572560390632558,5.5,2.75,3.0,0.0,,,0.0,,,5.5,2.75,3.0,5.5,2.75,3.0
Shougun & Yoimiya (3rd & 4th Rerun),"raiden, yoimiya",2.0,1,16495266.5,raiden,20558966.0,17085835.0,2.7125,raiden,3.425,raiden,meta,45000.0,22500.0,30000.0,12100.0,6050.0,11000.0,0.0559718536695996,0.0279859268347998,0.0318362800930747,0.08834366262872491,0.044171831314362454,0.0639106015457104,0.053306030582014,0.026653015291007,0.0303770627374937,0.08508092603743969,0.042540463018719846,0.0619745033468097,909564.0,454782.0,624521.0,226801.0,113400.5,191590.0,32990533.0,16495266.5,20558966.0,8859787.0,4429893.5,8291634.0,32990533.0,16495266.5,20558966.0,909564.0,454782.0,624521.0,45000.0,22500.0,30000.0,0.08508092603743969,0.042540463018719846,0.0619745033468097,0.08834366262872491,0.044171831314362454,0.0639106015457104,4.85,2.425,2.85,4.0,4.0,4.0,0.0,,,6.0,3.0,4.0,5.425,2.7125,3.425
Xianyun & Nahida (2nd Rerun),"xianyun, nahida",2.0,1,6792226.5,nahida,8282076.0,25670109.0,3.325,nahida,3.65,nahida,meta,16800.0,8400.0,13000.0,6000.0,3000.0,4100.0,0.05990172489268519,0.029950862446342597,0.0389795988348814,0.16334999418421042,0.08167499709210521,0.0899909597366945,0.0576154104176737,0.02880770520883685,0.0374099440768232,0.1569888459324664,0.0784944229662332,0.0860604104734656,416969.0,208484.5,309832.0,161245.0,80622.5,119644.0,13584453.0,6792226.5,8282076.0,2170220.0,1085110.0,1686827.0,13584453.0,6792226.5,8282076.0,429476.0,214738.0,309832.0,17100.0,8550.0,13000.0,0.1569888459324664,0.0784944229662332,0.0860604104734656,0.16334999418421042,0.08167499709210521,0.0899909597366945,0.0,,,3.5,3.5,3.5,6.8,3.4,3.8,6.8,3.4,3.8,6.65,3.325,3.65
Yae Miko & Xiao (3rd & 4th Rerun),"yae miko, xiao",2.0,1,10661559.0,xiao,14156109.0,5267086.0,2.75,yae miko,3.0,yae miko,meta,31000.0,15500.0,21000.0,13800.0,6900.0,8000.0,0.0771791146259711,0.03858955731298555,0.0490309137326324,0.09267682951761849,0.046338414758809246,0.075486810488583,0.0743003739535738,0.0371501869767869,0.0476356315444839,0.09001685847917759,0.045008429239588796,0.0735769305603468,718874.0,359437.0,377469.0,435315.0,217657.5,308195.0,21323118.0,10661559.0,14156109.0,11921139.0,5960569.5,7732394.0,21323118.0,10661559.0,14156109.0,718874.0,359437.0,377469.0,31000.0,15500.0,21000.0,0.1002416729694367,0.05012083648471835,0.0735769305603468,0.10363501138192169,0.051817505690960844,0.075486810488583,2.5,2.5,2.5,3.0,3.0,3.0,0.0,,,5.5,2.75,3.0,5.5,2.75,3.0
Hu Tao & Nahida (Rerun),"hu tao, nahida",2.0,1,14806449.0,hu tao,21330822.0,10874330.3333335,3.075,nahida,3.65,nahida,meta,37000.0,18500.0,24000.0,24900.0,12450.0,23000.0,0.0614867952289069,0.03074339761445345,0.0389795988348814,0.1261159311855666,0.0630579655927833,0.0899909597366945,0.058792008021663206,0.029396004010831603,0.0374099440768232,0.1201364710342828,0.0600682355171414,0.0860604104734656,765929.0,382964.5,456097.0,424121.0,212060.5,382520.0,29612898.0,14806449.0,21330822.0,11708869.0,5854434.5,11225476.0,29612898.0,14806449.0,21330822.0,765929.0,382964.5,456097.0,37000.0,18500.0,24000.0,0.1201364710342828,0.0600682355171414,0.0860604104734656,0.1261159311855666,0.0630579655927833,0.0899909597366945,2.5,2.5,2.5,3.5,3.5,3.5,3.8,3.8,3.8,6.3,3.15,3.8,6.15,3.075,3.65
Chasca & Lyney (Rerun),"chasca, lyney",2.0,1,1699462.5,lyney,2645939.0,13101950.924731,3.0,chasca,3.5,chasca,meta,3800.0,3800.0,3800.0,6900.0,3450.0,4000.0,0.05755612657737,0.05755612657737,0.05755612657737,0.1400217191197088,0.0700108595598544,0.0831223953699006,0.0561199634609868,0.0561199634609868,0.0561199634609868,0.1346554036670252,0.0673277018335126,0.0792710621445817,148490.0,148490.0,148490.0,205921.0,102960.5,146231.0,2645939.0,2645939.0,2645939.0,3393281.0,1696640.5,2640295.0,3398925.0,1699462.5,2645939.0,208180.0,104090.0,148490.0,6900.0,3450.0,4000.0,0.13539102560556848,0.06769551280278424,0.0792710621445817,0.1406785219472706,0.0703392609736353,0.0831223953699006,6.0,3.0,3.5,0.0,,,0.0,,,6.0,3.0,3.5,6.0,3.0,3.5
Neuvillette & Zhongli (Rerun),"neuvillette, zhongli",2.0,1,20867583.0,zhongli,35127330.0,15403700.741935,3.75,neuvillette,4.0,neuvillette,meta,65500.0,32750.0,60000.0,5360.0,2680.0,4700.0,0.052136142158218005,0.026068071079109002,0.0333024306293316,0.1066442937552832,0.0533221468776416,0.070933954029677,0.04959572529627469,0.024797862648137346,0.0324700855166502,0.1012713836689449,0.05063569183447245,0.0674425370963049,816135.0,408067.5,601578.0,97254.0,48627.0,84505.0,41735166.0,20867583.0,35127330.0,2687051.0,1343525.5,2498016.0,41735166.0,20867583.0,35127330.0,816135.0,408067.5,601578.0,65500.0,32750.0,60000.0,0.1012713836689449,0.05063569183447245,0.0674425370963049,0.1066442937552832,0.0533221468776416,0.070933954029677,4.0,4.0,4.0,0.0,,,3.5,3.5,3.5,7.5,3.75,4.0,7.5,3.75,4.0
Citlali & Mavuika (Rerun),"citlali, mavuika",2.0,1,847976.0,mavuika,1359238.0,29387745.5483866,4.5625,mavuika,4.625,mavuika,meta,0.0,,,4008.0,2004.0,3300.0,0.0,,,0.138306415608551,0.0691532078042755,0.0737501453020001,0.0,,,0.133775910047489,0.0668879550237445,0.0713223144143998,0.0,,,117973.0,58986.5,96944.0,0.0,,,1695952.0,847976.0,1359238.0,1695952.0,847976.0,1359238.0,117973.0,58986.5,96944.0,4008.0,2004.0,3300.0,0.133775910047489,0.0668879550237445,0.0713223144143998,0.138306415608551,0.0691532078042755,0.0737501453020001,4.5,4.5,4.5,4.75,4.75,4.75,4.5,4.5,4.5,9.25,4.625,4.75,9.125,4.5625,4.625
Arlecchino & Clorinde(Rerun),"arlecchino, clorinde",2.0,1,6010042.0,arlecchino,8470746.0,21015823.308755,3.25,arlecchino,3.5,arlecchino,meta,12000.0,6000.0,8000.0,9700.0,4850.0,6700.0,0.06685674402131539,0.033428372010657695,0.0337350452958924,0.0898366540624041,0.04491832703120205,0.0642090581557872,0.06459665882618859,0.032298329413094296,0.0327906184413981,0.0870141009244794,0.0435070504622397,0.0622317330575702,374461.0,187230.5,277761.0,298828.0,149414.0,210867.0,11511049.0,5755524.5,8470746.0,6937754.0,3468877.0,3549338.0,12020084.0,6010042.0,8470746.0,374461.0,187230.5,277761.0,12000.0,6000.0,8000.0,0.0940377734423607,0.04701888672118035,0.0622317330575702,0.0973307568812102,0.0486653784406051,0.0642090581557872,6.5,3.25,3.5,0.0,,,0.0,,,6.5,3.25,3.5,6.5,3.25,3.5
Mizuki & Sigewinne (Rerun),"mizuki, sigewinne",2.0,1,1157889.0,sigewinne,1372370.0,11386421.1428573,1.9625,sigewinne,2.5,sigewinne,meta,4400.0,4400.0,4400.0,5200.0,2600.0,3100.0,0.0639557845187522,0.0639557845187522,0.0639557845187522,0.17298930121880568,0.08649465060940284,0.0922782083679595,0.0607496520617617,0.0607496520617617,0.0607496520617617,0.1669729703509243,0.08348648517546214,0.0889922493767277,83371.0,83371.0,83371.0,143933.0,71966.5,83956.0,1372370.0,1372370.0,1372370.0,1712534.0,856267.0,943408.0,2315778.0,1157889.0,1372370.0,167327.0,83663.5,83956.0,7500.0,3750.0,4400.0,0.1669729703509243,0.08348648517546214,0.0889922493767277,0.17298930121880568,0.08649465060940284,0.0922782083679595,0.95,0.95,0.95,0.0,,,4.4,2.2,2.5,4.4,2.2,2.5,3.925,1.9625,2.5
Furina & Wriothesley (Rerun),"furina, wriothesley",2.0,1,8765427.0,furina,14300835.0,13330000.0,3.8125,furina,4.625,furina,meta,21800.0,10900.0,16000.0,9400.0,4700.0,6900.0,0.09379042533535689,0.046895212667678446,0.0544058719159237,0.1008182661235609,0.05040913306178045,0.0610298300663441,0.0908759544739311,0.04543797723696555,0.0526102168439256,0.0985673646104112,0.0492836823052056,0.0597909576186691,717164.0,358582.0,547232.0,385033.0,192516.5,264377.0,17530854.0,8765427.0,14300835.0,8835950.0,4417975.0,6817986.0,17530854.0,8765427.0,14300835.0,717164.0,358582.0,547232.0,21800.0,10900.0,16000.0,0.0985673646104112,0.0492836823052056,0.0597909576186691,0.1008182661235609,0.05040913306178045,0.0610298300663441,3.0,3.0,3.0,4.5,4.5,4.5,4.75,4.75,4.75,7.75,3.875,4.75,7.625,3.8125,4.625
Varesa & Xianyun (Rerun),"varesa, xianyun",2.0,1,3045495.0,xianyun,5302377.0,9104333.3333336,3.5,varesa,4.0,varesa,meta,3800.0,3800.0,3800.0,7900.0,3950.0,4100.0,0.0209221260578038,0.0209221260578038,0.0209221260578038,0.1426173398520679,0.07130866992603395,0.0733590344475159,0.0202054663408505,0.0202054663408505,0.0202054663408505,0.1353681543071557,0.06768407715357785,0.0709284354590008,107137.0,107137.0,107137.0,170462.0,85231.0,119644.0,5302377.0,5302377.0,5302377.0,2475440.0,1237720.0,1686827.0,6090990.0,3045495.0,5302377.0,170462.0,85231.0,119644.0,7900.0,3950.0,4100.0,0.1353681543071557,0.06768407715357785,0.0709284354590008,0.1426173398520679,0.07130866992603395,0.0733590344475159,4.0,4.0,4.0,0.0,,,3.0,3.0,3.0,7.0,3.5,4.0,7.0,3.5,4.0
Venti & Xilonen (Rerun),"venti, xilonen",2.0,1,2953293.5,venti,4593318.0,9280185.5698924,3.3583333333333334,xilonen,4.5,xilonen,meta,9100.0,9100.0,9100.0,11100.0,5550.0,8400.0,0.042206744666927,0.042206744666927,0.042206744666927,0.1132642399735308,0.0566321199867654,0.0569030411895811,0.0402256059780751,0.0402256059780751,0.0402256059780751,0.1086146540375668,0.0543073270187834,0.0548471029164626,184769.0,184769.0,184769.0,246165.0,123082.5,174136.0,4593318.0,4593318.0,4593318.0,4551951.0,2275975.5,3238682.0,5906587.0,2953293.5,4593318.0,256798.0,128399.0,184769.0,11800.0,5900.0,9100.0,0.1086146540375668,0.0543073270187834,0.0548471029164626,0.1132642399735308,0.0566321199867654,0.0569030411895811,2.85,2.85,2.85,2.85,2.85,2.85,5.45,2.725,4.5,7.35,3.675,4.5,6.716666666666667,3.3583333333333334,4.5
Escoffier & Navia (Rerun),"escoffier, navia",2.0,1,3862599.0,navia,3862599.0,12042094.419355,3.45,escoffier,3.9,escoffier,meta,5000.0,5000.0,5000.0,3100.0,3100.0,3100.0,0.0443240419209967,0.0443240419209967,0.0443240419209967,0.0228098354729978,0.0228098354729978,0.0228098354729978,0.0430295767176453,0.0430295767176453,0.0430295767176453,0.0219990097463867,0.0219990097463867,0.0219990097463867,166206.0,166206.0,166206.0,84108.0,84108.0,84108.0,3862599.0,3862599.0,3862599.0,3823263.0,3823263.0,3823263.0,3862599.0,3862599.0,3862599.0,166206.0,166206.0,166206.0,5000.0,5000.0,5000.0,0.0430295767176453,0.0430295767176453,0.0430295767176453,0.0443240419209967,0.0443240419209967,0.0443240419209967,3.0,3.0,3.0,4.0,4.0,4.0,3.8,3.8,3.8,7.0,3.5,4.0,6.9,3.45,3.9
Kinich & Raiden (Rerun),"kinich, raiden",2.0,1,20558966.0,raiden,20558966.0,18102053.3440852,3.4625,kinich,3.5,kinich,meta,30000.0,30000.0,30000.0,1100.0,1100.0,1100.0,0.0318362800930747,0.0318362800930747,0.0318362800930747,0.0639106015457104,0.0639106015457104,0.0639106015457104,0.0303770627374937,0.0303770627374937,0.0303770627374937,0.0619745033468097,0.0619745033468097,0.0619745033468097,624521.0,624521.0,624521.0,35211.0,35211.0,35211.0,20558966.0,20558966.0,20558966.0,568153.0,568153.0,568153.0,20558966.0,20558966.0,20558966.0,624521.0,624521.0,624521.0,30000.0,30000.0,30000.0,0.0619745033468097,0.0619745033468097,0.0619745033468097,0.0639106015457104,0.0639106015457104,0.0639106015457104,6.35,3.175,3.5,4.0,4.0,4.0,0.0,,,7.5,3.75,4.0,6.925,3.4625,3.5
Shenhe & Skirk (Rerun),"shenhe, skirk",2.0,1,3555707.5,shenhe,6811629.0,15743106.6881716,3.75,skirk,4.0,skirk,meta,14000.0,14000.0,14000.0,11544.0,5772.0,11000.0,0.051473149814824,0.051473149814824,0.051473149814824,0.1304250082573352,0.0652125041286676,0.0667676275743363,0.0494178411654539,0.0494178411654539,0.0494178411654539,0.12634262354029552,0.06317131177014776,0.0649529998065286,336616.0,336616.0,336616.0,317249.0,158624.5,297777.0,6811629.0,6811629.0,6811629.0,5150394.0,2575197.0,4850608.0,7111415.0,3555707.5,6811629.0,356088.0,178044.0,336616.0,14544.0,7272.0,14000.0,0.12634262354029552,0.06317131177014776,0.0649529998065286,0.1304250082573352,0.0652125041286676,0.0667676275743363,4.0,4.0,4.0,0.0,,,3.5,3.5,3.5,7.5,3.75,4.0,7.5,3.75,4.0
Emilie & Mavuika (Rerun),"emilie, mavuika",2.0,1,1359238.0,mavuika,1359238.0,11242414.4838712,4.0625,mavuika,4.625,mavuika,meta,0.0,,,3300.0,3300.0,3300.0,0.0,,,0.0737501453020001,0.0737501453020001,0.0737501453020001,0.0,,,0.0713223144143998,0.0713223144143998,0.0713223144143998,0.0,,,96944.0,96944.0,96944.0,0.0,,,1359238.0,1359238.0,1359238.0,1359238.0,1359238.0,1359238.0,96944.0,96944.0,96944.0,3300.0,3300.0,3300.0,0.0713223144143998,0.0713223144143998,0.0713223144143998,0.0737501453020001,0.0737501453020001,0.0737501453020001,4.5,4.5,4.5,8.25,4.125,4.75,0.0,,,8.25,4.125,4.75,8.125,4.0625,4.625
Citlali & Ineffa (Rerun),"citlali, ineffa",2.0,1,584407.5,ineffa,832101.0,8917254.4516132,4.325,citlali,4.5,citlali,meta,0.0,,,3508.0,1754.0,2800.0,0.0,,,0.1509928927838703,0.07549644639193515,0.0864366224773194,0.0,,,0.1455252419837125,0.07276262099185625,0.0830716463506233,0.0,,,90153.0,45076.5,69124.0,0.0,,,1168815.0,584407.5,832101.0,1168815.0,584407.5,832101.0,90153.0,45076.5,69124.0,3508.0,1754.0,2800.0,0.1455252419837125,0.07276262099185625,0.0830716463506233,0.1509928927838703,0.07549644639193515,0.0864366224773194,0.0,,,4.5,4.5,4.5,8.3,4.15,4.5,9.0,4.5,4.5,8.65,4.325,4.5
Chasca & Mualani (Rerun),"chasca, mualani",2.0,1,1441463.0,mualani,2129940.0,16265874.4177005,3.5,chasca,3.5,chasca,meta,0.0,,,6400.0,3200.0,3500.0,0.0,,,0.1262381638892016,0.0631190819446008,0.0831223953699006,0.0,,,0.12074359188720349,0.060371795943601744,0.0792710621445817,0.0,,,148024.0,74012.0,88334.0,0.0,,,2882926.0,1441463.0,2129940.0,2882926.0,1441463.0,2129940.0,148024.0,74012.0,88334.0,6400.0,3200.0,3500.0,0.12074359188720349,0.060371795943601744,0.0792710621445817,0.1262381638892016,0.0631190819446008,0.0831223953699006,7.0,3.5,3.5,0.0,,,0.0,,,7.0,3.5,3.5,7.0,3.5,3.5
Lauma & Nahida (Rerun),"lauma, nahida",2.0,1,4440292.0,nahida,8282076.0,12008333.3333334,4.1375,lauma,4.625,lauma,meta,13000.0,13000.0,13000.0,3400.0,1700.0,1900.0,0.0389795988348814,0.0389795988348814,0.0389795988348814,0.1793097324180955,0.08965486620904775,0.0899909597366945,0.0374099440768232,0.0374099440768232,0.0374099440768232,0.1728729509908855,0.08643647549544275,0.0868125405174199,309832.0,309832.0,309832.0,93559.0,46779.5,51958.0,8282076.0,8282076.0,8282076.0,1081901.0,540950.5,598508.0,8880584.0,4440292.0,8282076.0,361790.0,180895.0,309832.0,14500.0,7250.0,13000.0,0.1728729509908855,0.08643647549544275,0.0868125405174199,0.1793097324180955,0.08965486620904775,0.0899909597366945,0.0,,,8.25,4.125,4.75,8.3,4.15,4.5,8.55,4.275,4.75,8.275,4.1375,4.625
Flins & Yelan (Rerun),"flins, yelan",2.0,1,3830440.5,yelan,6889394.0,1478897.4623652,4.25,flins,4.5,flins,meta,15000.0,15000.0,15000.0,2107.0,1053.5,1300.0,0.0480525573076528,0.0480525573076528,0.0480525573076528,0.1544685352616516,0.0772342676308258,0.1000794569448351,0.045875297595115,0.045875297595115,0.045875297595115,0.1501015770439672,0.0750507885219836,0.0983943993871575,316053.0,316053.0,316053.0,91469.0,45734.5,75910.0,6889394.0,6889394.0,6889394.0,1072393.0,536196.5,771487.0,7660881.0,3830440.5,6889394.0,391963.0,195981.5,316053.0,16300.0,8150.0,15000.0,0.1501015770439672,0.0750507885219836,0.0983943993871575,0.1544685352616516,0.0772342676308258,0.1000794569448351,4.5,4.5,4.5,4.0,4.0,4.0,0.0,,,8.5,4.25,4.5,8.5,4.25,4.5
Furina & Nefer (Rerun),"furina, nefer",2.0,1,7420216.0,furina,14300835.0,13065952.2903228,4.3125,furina,4.625,furina,meta,16000.0,16000.0,16000.0,7869.0,3934.5,6900.0,0.0393845534194332,0.0393845534194332,0.0393845534194332,0.1122350953232987,0.05611754766164935,0.0724466592660819,0.0382657376300055,0.0382657376300055,0.0382657376300055,0.1094272816259598,0.0547136408129799,0.0706508746342177,547232.0,547232.0,547232.0,302500.0,151250.0,264377.0,14300835.0,14300835.0,14300835.0,7357583.0,3678791.5,6817986.0,14840432.0,7420216.0,14300835.0,585355.0,292677.5,547232.0,16969.0,8484.5,16000.0,0.1094272816259598,0.0547136408129799,0.0706508746342177,0.1122350953232987,0.05611754766164935,0.0724466592660819,4.0,4.0,4.0,4.5,4.5,4.5,4.75,4.75,4.75,8.75,4.375,4.75,8.625,4.3125,4.625
Arlecchino & Zhongli (Rerun),"arlecchino, zhongli",2.0,1,21799038.0,zhongli,35127330.0,15213726.6451612,3.5,arlecchino,3.5,arlecchino,meta,68000.0,34000.0,60000.0,11400.0,5700.0,6700.0,0.052568756824778795,0.026284378412389398,0.0337350452958924,0.0999193978813934,0.0499596989406967,0.0642090581557872,0.049916258221022594,0.024958129110511297,0.0327906184413981,0.0960605796302102,0.0480302898151051,0.0622317330575702,879339.0,439669.5,601578.0,295372.0,147686.0,210867.0,43598076.0,21799038.0,35127330.0,5886432.0,2943216.0,3388416.0,43598076.0,21799038.0,35127330.0,879339.0,439669.5,601578.0,68000.0,34000.0,60000.0,0.0960605796302102,0.0480302898151051,0.0622317330575702,0.0999193978813934,0.0499596989406967,0.0642090581557872,3.5,3.5,3.5,0.0,,,3.5,3.5,3.5,7.0,3.5,3.5,7.0,3.5,3.5
Durin & Venti (Rerun),"durin, venti",2.0,1,2366817.0,venti,4593318.0,13358066.6129034,3.3583333333333334,durin,4.5,durin,meta,9100.0,9100.0,9100.0,8879.0,4439.5,8400.0,0.042206744666927,0.042206744666927,0.042206744666927,0.14131943590587448,0.07065971795293724,0.0849582371219248,0.0402256059780751,0.0402256059780751,0.0402256059780751,0.1353120649327864,0.0676560324663932,0.0815445138116822,184769.0,184769.0,184769.0,185578.0,92789.0,174136.0,4593318.0,4593318.0,4593318.0,3378998.0,1689499.0,3238682.0,4733634.0,2366817.0,4593318.0,196211.0,98105.5,184769.0,9579.0,4789.5,9100.0,0.1353120649327864,0.0676560324663932,0.0815445138116822,0.14131943590587448,0.07065971795293724,0.0849582371219248,2.85,2.85,2.85,7.35,3.675,4.5,0.95,0.95,0.95,7.35,3.675,4.5,6.716666666666667,3.3583333333333334,4.5
Varesa & Xilonen (Rerun),"varesa, xilonen",2.0,1,1050941.0,xilonen,1313269.0,10538707.7419355,4.25,xilonen,4.5,xilonen,meta,0.0,,,6500.0,3250.0,3800.0,0.0,,,0.12616134659413308,0.06308067329706654,0.069258305404552,0.0,,,0.1192868217646175,0.05964341088230875,0.0644397188481549,0.0,,,122847.0,61423.5,72029.0,0.0,,,2101882.0,1050941.0,1313269.0,2101882.0,1050941.0,1313269.0,122847.0,61423.5,72029.0,6500.0,3250.0,3800.0,0.1192868217646175,0.05964341088230875,0.0644397188481549,0.12616134659413308,0.06308067329706654,0.069258305404552,4.0,4.0,4.0,0.0,,,4.5,4.5,4.5,8.5,4.25,4.5,8.5,4.25,4.5
